{"context_precision": 0.5741071428148165, "context_relevancy": 0.062387634239090745, "answer_similarity": 0.955834211625572}