{"context_precision": 0.6944444443840277, "context_relevancy": 0.09025178417620278, "answer_similarity": 0.9444095850494204}