{"context_precision": 0.49999999995, "context_relevancy": 0.4762400793650794, "answer_similarity": 0.9341820747223669}