{"context_precision": 0.7208333332708333, "context_relevancy": 0.07468185367767222, "answer_similarity": 0.9569450452800389}